<?xml version="1.0" encoding="UTF-8"?>
<mods xmlns="http://www.loc.gov/mods/v3" xmlns:schemaLocation="http://www.loc.gov/standards/mods/v3/mods-3-6.xsd" xmlns:xsi="https://www.w3.org/2001/XMLSchema-instance" version="3.6"><name>me21.jpg</name><path>C:\Users\niels\Documents\Archie\Archie\Documentation\testset\GPR_ElFlaco\me21.jpg</path><X-Parsed-By>org.apache.tika.parser.DefaultParser</X-Parsed-By><Resolution_Units>none</Resolution_Units><File_Modified_Date>Sun Nov 27 19:24:59 +01:00 2016</File_Modified_Date><Compression_Type>Baseline</Compression_Type><Data_Precision>8 bits</Data_Precision><Number_of_Components>3</Number_of_Components><tiff_ImageLength>2626</tiff_ImageLength><Component_2>Cb component: Quantization table 1, Sampling factors 1 horiz/1 vert</Component_2><Thumbnail_Height_Pixels>0</Thumbnail_Height_Pixels><Component_1>Y component: Quantization table 0, Sampling factors 2 horiz/2 vert</Component_1><Image_Height>2626 pixels</Image_Height><Thumbnail_Width_Pixels>0</Thumbnail_Width_Pixels><X_Resolution>1 dot</X_Resolution><Image_Width>1380 pixels</Image_Width><File_Size>1255205 bytes</File_Size><Component_3>Cr component: Quantization table 1, Sampling factors 1 horiz/1 vert</Component_3><File_Name>apache-tika-7478772597943686652.tmp</File_Name><tiff_BitsPerSample>8</tiff_BitsPerSample><tiff_ImageWidth>1380</tiff_ImageWidth><Content-Type>image/jpeg</Content-Type><Y_Resolution>1 dot</Y_Resolution></mods>
