<?xml version="1.0" encoding="UTF-8"?>
<mods xmlns="http://www.loc.gov/mods/v3" xmlns:schemaLocation="http://www.loc.gov/standards/mods/v3/mods-3-6.xsd" xmlns:xsi="https://www.w3.org/2001/XMLSchema-instance" version="3.6"><name>Project.docx</name><path>C:\Users\niels\Documents\Archie\Archie\Documentation\testset\La Poterie, Grenada\Project.docx</path><date>2016-08-29T13:18:00Z</date><cp_revision>2</cp_revision><Total-Time>21</Total-Time><extended-properties_AppVersion>14.0000</extended-properties_AppVersion><meta_paragraph-count>1</meta_paragraph-count><meta_word-count>63</meta_word-count><dc_creator>Vermeer, J.A.M.</dc_creator><extended-properties_Company>Universiteit Leiden</extended-properties_Company><Word-Count>63</Word-Count><dcterms_created>2016-08-29T12:41:00Z</dcterms_created><meta_line-count>3</meta_line-count><Last-Modified>2016-08-29T13:18:00Z</Last-Modified><dcterms_modified>2016-08-29T13:18:00Z</dcterms_modified><Last-Save-Date>2016-08-29T13:18:00Z</Last-Save-Date><meta_character-count>365</meta_character-count><Template>Normal.dotm</Template><Line-Count>3</Line-Count><Paragraph-Count>1</Paragraph-Count><meta_save-date>2016-08-29T13:18:00Z</meta_save-date><meta_character-count-with-spaces>427</meta_character-count-with-spaces><Application-Name>Microsoft Office Word</Application-Name><extended-properties_TotalTime>21</extended-properties_TotalTime><modified>2016-08-29T13:18:00Z</modified><Content-Type>application/vnd.openxmlformats-officedocument.wordprocessingml.document</Content-Type><X-Parsed-By>org.apache.tika.parser.DefaultParser</X-Parsed-By><creator>Vermeer, J.A.M.</creator><meta_author>Vermeer, J.A.M.</meta_author><meta_creation-date>2016-08-29T12:41:00Z</meta_creation-date><extended-properties_Application>Microsoft Office Word</extended-properties_Application><meta_last-author>Vermeer, J.A.M.</meta_last-author><Creation-Date>2016-08-29T12:41:00Z</Creation-Date><xmpTPg_NPages>1</xmpTPg_NPages><Character-Count-With-Spaces>427</Character-Count-With-Spaces><Last-Author>Vermeer, J.A.M.</Last-Author><Character_Count>365</Character_Count><Page-Count>1</Page-Count><Revision-Number>2</Revision-Number><Application-Version>14.0000</Application-Version><extended-properties_Template>Normal.dotm</extended-properties_Template><Author>Vermeer, J.A.M.</Author><publisher>Universiteit Leiden</publisher><meta_page-count>1</meta_page-count><dc_publisher>Universiteit Leiden</dc_publisher></mods>
