<?xml version="1.0" encoding="UTF-8"?>
<mods xmlns="http://www.loc.gov/mods/v3" xmlns:schemaLocation="http://www.loc.gov/standards/mods/v3/mods-3-6.xsd" xmlns:xsi="https://www.w3.org/2001/XMLSchema-instance" version="3.6"><name>Final_Data_Network_verified.xlsx</name><path>C:\Users\niels\Documents\Archie\Archie\Documentation\testset\Network_analysis_testset\Final_Data_Network_verified.xlsx</path><date>2016-09-20T12:51:41Z</date><X-Parsed-By>org.apache.tika.parser.DefaultParser</X-Parsed-By><creator>Viv</creator><extended-properties_AppVersion>14.0300</extended-properties_AppVersion><meta_author>Viv</meta_author><meta_creation-date>2015-07-09T10:09:40Z</meta_creation-date><Last-Printed>2016-09-19T10:07:30Z</Last-Printed><extended-properties_Application>Microsoft Excel</extended-properties_Application><meta_last-author>Castilla Beltran, A.</meta_last-author><dc_creator>Viv</dc_creator><Creation-Date>2015-07-09T10:09:40Z</Creation-Date><meta_print-date>2016-09-19T10:07:30Z</meta_print-date><dcterms_created>2015-07-09T10:09:40Z</dcterms_created><Last-Author>Castilla Beltran, A.</Last-Author><Last-Modified>2016-09-20T12:51:41Z</Last-Modified><dcterms_modified>2016-09-20T12:51:41Z</dcterms_modified><Last-Save-Date>2016-09-20T12:51:41Z</Last-Save-Date><Application-Version>14.0300</Application-Version><protected>false</protected><meta_save-date>2016-09-20T12:51:41Z</meta_save-date><Application-Name>Microsoft Excel</Application-Name><Author>Viv</Author><modified>2016-09-20T12:51:41Z</modified><Content-Type>application/vnd.openxmlformats-officedocument.spreadsheetml.sheet</Content-Type></mods>
