<?xml version="1.0" encoding="UTF-8"?>
<mods xmlns="http://www.loc.gov/mods/v3" xmlns:schemaLocation="http://www.loc.gov/standards/mods/v3/mods-3-6.xsd" xmlns:xsi="https://www.w3.org/2001/XMLSchema-instance" version="3.6"><name>BrimstoneHill-intro.mp4</name><path>C:\Users\niels\Documents\Archie\Archie\Documentation\testset\Footage_StKitts\BrimstoneHill-intro.mp4</path><date>1904-01-01T00:00:00Z</date><X-Parsed-By>org.apache.tika.parser.DefaultParser</X-Parsed-By><meta_creation-date>1904-01-01T00:00:00Z</meta_creation-date><Creation-Date>1904-01-01T00:00:00Z</Creation-Date><tiff_ImageLength>1080</tiff_ImageLength><dcterms_created>1904-01-01T00:00:00Z</dcterms_created><dcterms_modified>1904-01-01T00:00:00Z</dcterms_modified><Last-Modified>1904-01-01T00:00:00Z</Last-Modified><Last-Save-Date>1904-01-01T00:00:00Z</Last-Save-Date><xmpDM_audioSampleRate>48000</xmpDM_audioSampleRate><meta_save-date>1904-01-01T00:00:00Z</meta_save-date><modified>1904-01-01T00:00:00Z</modified><tiff_ImageWidth>1920</tiff_ImageWidth><xmpDM_duration>39.64</xmpDM_duration><Content-Type>video/mp4</Content-Type></mods>
