<?xml version="1.0" encoding="UTF-8"?>
<mods xmlns="http://www.loc.gov/mods/v3" xmlns:schemaLocation="http://www.loc.gov/standards/mods/v3/mods-3-6.xsd" xmlns:xsi="https://www.w3.org/2001/XMLSchema-instance" version="3.6"><name>dataset_description.docx</name><path>C:\Users\niels\Documents\Archie\Archie\Documentation\testset\ceramics_database\dataset_description.docx</path><date>2016-10-13T10:32:00Z</date><cp_revision>4</cp_revision><Total-Time>157</Total-Time><extended-properties_AppVersion>14.0000</extended-properties_AppVersion><meta_paragraph-count>11</meta_paragraph-count><meta_word-count>853</meta_word-count><dc_creator>Kool, W.</dc_creator><extended-properties_Company>Universiteit Leiden</extended-properties_Company><Word-Count>853</Word-Count><dcterms_created>2016-10-13T07:55:00Z</dcterms_created><meta_line-count>39</meta_line-count><Last-Modified>2016-10-13T10:32:00Z</Last-Modified><dcterms_modified>2016-10-13T10:32:00Z</dcterms_modified><Last-Save-Date>2016-10-13T10:32:00Z</Last-Save-Date><meta_character-count>4694</meta_character-count><Template>Normal.dotm</Template><Line-Count>39</Line-Count><Paragraph-Count>11</Paragraph-Count><meta_save-date>2016-10-13T10:32:00Z</meta_save-date><meta_character-count-with-spaces>5536</meta_character-count-with-spaces><Application-Name>Microsoft Office Word</Application-Name><extended-properties_TotalTime>157</extended-properties_TotalTime><modified>2016-10-13T10:32:00Z</modified><Content-Type>application/vnd.openxmlformats-officedocument.wordprocessingml.document</Content-Type><X-Parsed-By>org.apache.tika.parser.DefaultParser</X-Parsed-By><creator>Kool, W.</creator><meta_author>Kool, W.</meta_author><meta_creation-date>2016-10-13T07:55:00Z</meta_creation-date><extended-properties_Application>Microsoft Office Word</extended-properties_Application><meta_last-author>Kool, W.</meta_last-author><Creation-Date>2016-10-13T07:55:00Z</Creation-Date><xmpTPg_NPages>1</xmpTPg_NPages><Character-Count-With-Spaces>5536</Character-Count-With-Spaces><Last-Author>Kool, W.</Last-Author><Character_Count>4694</Character_Count><Page-Count>1</Page-Count><Revision-Number>4</Revision-Number><Application-Version>14.0000</Application-Version><extended-properties_Template>Normal.dotm</extended-properties_Template><Author>Kool, W.</Author><publisher>Universiteit Leiden</publisher><meta_page-count>1</meta_page-count><dc_publisher>Universiteit Leiden</dc_publisher></mods>
