<?xml version="1.0" encoding="UTF-8"?>
<mods xmlns="http://www.loc.gov/mods/v3" xmlns:schemaLocation="http://www.loc.gov/standards/mods/v3/mods-3-6.xsd" xmlns:xsi="https://www.w3.org/2001/XMLSchema-instance" version="3.6"><name>GPR_Lines.dbf</name><path>C:\Users\niels\Documents\Archie\Archie\Documentation\testset\GPR_ElFlaco\ElFlaco\GPR_Lines.dbf</path><date>2015-11-23T00:00:00Z</date><X-Parsed-By>org.apache.tika.parser.DefaultParser</X-Parsed-By><meta_save-date>2015-11-23T00:00:00Z</meta_save-date><Content-Encoding>ISO-8859-1</Content-Encoding><modified>2015-11-23T00:00:00Z</modified><dcterms_modified>2015-11-23T00:00:00Z</dcterms_modified><Last-Modified>2015-11-23T00:00:00Z</Last-Modified><Last-Save-Date>2015-11-23T00:00:00Z</Last-Save-Date><Content-Type>application/x-dbf; format=FoxBASE_plus</Content-Type></mods>
