Item,Content,Description
identifier,,
Title,"GPR data from Janico and El Flaco, DR",
Author,,For every other author / contributor: the fields below
o Title,Dr.,
o Initials,TF,
o Last name,Sonnemann,
o DAI,,
o organization,Nexus1492,
Contributor,,For every other author / contributor: the fields below
o Title,Dr.,
o  Initials,J,
o  Last name,Ulloa,
o  DAI,,
o organization,InTEC,
date created,2014-07-2015-07,
rights holder,Till Sonnemann; Jorge Ulloa,
publisher,Till Sonnemann; Jorge Ulloa,
description,"GPR data collected in August 2015 at Janico (ok, but not much info) & El Flaco (no good results) in the DR.",
subject ,,
spatial coverage ,"DR, Haiti, St. Kitts, Istanbul, Sint Maarten","the coordinates, the site, Island your research applies to, default ?Caribbean?"
temporal coverage ,2014-2015,"define a period, default ?."
related datasets,Janico is Published,Names and urls
type  ,Mala (.rad) files and GIS,always ?Dataset?
language ,English,"default ?English, specify if you have other languages"
Rights,Request permission,"either: ""Open access"", ""Archaeology group"", ""Request permission"" or ""Other access"""
Embargo ,none,data before which the data is not made available
