<?xml version="1.0" encoding="UTF-8"?>
<mods xmlns="http://www.loc.gov/mods/v3" xmlns:schemaLocation="http://www.loc.gov/standards/mods/v3/mods-3-6.xsd" xmlns:xsi="https://www.w3.org/2001/XMLSchema-instance" version="3.6"><name>readme.csv</name><path>C:\Users\niels\Documents\Archie\Archie\Documentation\testset\GPR_ElFlaco\readme.csv</path><X-Parsed-By>org.apache.tika.parser.DefaultParser</X-Parsed-By><Content-Encoding>windows-1252</Content-Encoding><Content-Type>text/plain; charset=windows-1252</Content-Type></mods>
