<?xml version="1.0" encoding="UTF-8"?>
<mods xmlns="http://www.loc.gov/mods/v3" xmlns:schemaLocation="http://www.loc.gov/standards/mods/v3/mods-3-6.xsd" xmlns:xsi="https://www.w3.org/2001/XMLSchema-instance" version="3.6"><name>La Poterie, Excavation Plan, 2016.jpg</name><path>C:\Users\niels\Documents\Archie\Archie\Documentation\testset\La Poterie, Grenada\La Poterie, Excavation Plan, 2016.jpg</path><Creator_Tool>Adobe Illustrator CC 2015 (Windows)</Creator_Tool><Metadata_Date>2016-04-05T11:08:40+02:00</Metadata_Date><Modify_Date>2016-04-05T09:08:41Z</Modify_Date><Compression_Type>Baseline</Compression_Type><Data_Precision>8 bits</Data_Precision><Number_of_Components>3</Number_of_Components><tiff_ImageLength>2651</tiff_ImageLength><xmpMM_History_Action>saved</xmpMM_History_Action><Component_2>Cb component: Quantization table 1, Sampling factors 1 horiz/1 vert</Component_2><Thumbnail_Height_Pixels>0</Thumbnail_Height_Pixels><Component_1>Y component: Quantization table 0, Sampling factors 1 horiz/1 vert</Component_1><X_Resolution>300 dots</X_Resolution><xmpMM_DocumentID>xmp.did:a3a1e2f6-7b7e-bd44-858f-258c24ed0247</xmpMM_DocumentID><File_Size>613721 bytes</File_Size><xmpMM_History_When>2016-04-05T11:08:40Z</xmpMM_History_When><Component_3>Cr component: Quantization table 1, Sampling factors 1 horiz/1 vert</Component_3><File_Name>apache-tika-2881791475288373375.tmp</File_Name><xmpMM_History_SoftwareAgent>Adobe Illustrator CC 2015 (Windows)</xmpMM_History_SoftwareAgent><tiff_BitsPerSample>8</tiff_BitsPerSample><xmpMM_History_InstanceID>xmp.iid:a3a1e2f6-7b7e-bd44-858f-258c24ed0247</xmpMM_History_InstanceID><Content-Type>image/jpeg</Content-Type><Resolution_Info>300x300 DPI</Resolution_Info><X-Parsed-By>org.apache.tika.parser.DefaultParser</X-Parsed-By><Create_Date>2016-04-05T11:08:40+02:00</Create_Date><Resolution_Units>inch</Resolution_Units><File_Modified_Date>Sun Nov 20 17:43:25 +01:00 2016</File_Modified_Date><DCT_Encode_Version>25600</DCT_Encode_Version><Image_Height>2651 pixels</Image_Height><Thumbnail_Width_Pixels>0</Thumbnail_Width_Pixels><xmpMM_DerivedFrom_DocumentID>uuid:80b4f468-ca3c-4b04-b7f1-6b3bcd8e8e5d</xmpMM_DerivedFrom_DocumentID><Image_Width>2423 pixels</Image_Width><Flags_0>192</Flags_0><Color_Transform>YCbCr</Color_Transform><XMP_Value_Count>27</XMP_Value_Count><xmpMM_DerivedFrom_InstanceID>uuid:b5acff39-86fa-410f-9364-58b0d88205a7</xmpMM_DerivedFrom_InstanceID><tiff_ImageWidth>2423</tiff_ImageWidth><Y_Resolution>300 dots</Y_Resolution><Flags_1>0</Flags_1></mods>
