<?xml version="1.0" encoding="UTF-8"?>
<mods xmlns="http://www.loc.gov/mods/v3" xmlns:schemaLocation="http://www.loc.gov/standards/mods/v3/mods-3-6.xsd" xmlns:xsi="https://www.w3.org/2001/XMLSchema-instance" version="3.6"><name>DSCI2080.JPG</name><path>C:\Users\niels\Documents\Archie\Archie\Documentation\testset\Chacuey Rock Art\DSCI2080.JPG</path><date>2014-02-08T19:20:28</date><Compression>JPEG (old-style)</Compression><Exif_Version>2.30</Exif_Version><Components_Configuration>YCbCr</Components_Configuration><Compression_Type>Baseline</Compression_Type><Image_Description></Image_Description><Number_of_Components>3</Number_of_Components><Component_2>Cb component: Quantization table 1, Sampling factors 1 horiz/1 vert</Component_2><Focal_Length>4 mm</Focal_Length><Component_1>Y component: Quantization table 0, Sampling factors 2 horiz/1 vert</Component_1><YCbCr_Positioning>Datum point</YCbCr_Positioning><tiff_ResolutionUnit>Inch</tiff_ResolutionUnit><Date_Time_Original>2014:02:08 18:20:28</Date_Time_Original><X_Resolution>300 dots per inch</X_Resolution><tiff_Make>MEDION AG</tiff_Make><Interoperability_Version>1.00</Interoperability_Version><Component_3>Cr component: Quantization table 1, Sampling factors 1 horiz/1 vert</Component_3><F-Number>f/3.1</F-Number><modified>2014-02-08T19:20:28</modified><Focal_Length_35>22 mm</Focal_Length_35><tiff_BitsPerSample>8</tiff_BitsPerSample><Exposure_Program>Program normal</Exposure_Program><Digital_Zoom_Ratio>Digital zoom not used</Digital_Zoom_Ratio><meta_creation-date>2014-02-08T19:20:28</meta_creation-date><User_Comment></User_Comment><File_Source>Digital Still Camera (DSC)</File_Source><exif_FNumber>3.1</exif_FNumber><Exposure_Time>1/125 sec</Exposure_Time><Creation-Date>2014-02-08T19:20:28</Creation-Date><ISO_Speed_Ratings>100</ISO_Speed_Ratings><Make>MEDION AG</Make><Orientation>Top, left side (Horizontal / normal)</Orientation><Metering_Mode>Multi-spot</Metering_Mode><tiff_Orientation>1</tiff_Orientation><Contrast>None</Contrast><Interoperability_Index>Recommended Exif Interoperability Rules (ExifR98)</Interoperability_Index><tiff_Software>V0.fc00 </tiff_Software><exif_FocalLength>4.0</exif_FocalLength><Thumbnail_Offset>8180 bytes</Thumbnail_Offset><Software>V0.fc00</Software><Exif_Image_Height>0 pixels</Exif_Image_Height><tiff_YResolution>300.0</tiff_YResolution><Y_Resolution>300 dots per inch</Y_Resolution><Scene_Type>Directly photographed image</Scene_Type><dc_description>       </dc_description><Print_IM>[40 values]</Print_IM><FlashPix_Version>1.00</FlashPix_Version><Data_Precision>8 bits</Data_Precision><Compressed_Bits_Per_Pixel>5 bits/pixel</Compressed_Bits_Per_Pixel><White_Balance>Unknown</White_Balance><tiff_ImageLength>2448</tiff_ImageLength><description>       </description><dcterms_created>2014-02-08T19:20:28</dcterms_created><dcterms_modified>2014-02-08T19:20:28</dcterms_modified><Last-Modified>2014-02-08T19:20:28</Last-Modified><exif_Flash>false</exif_Flash><exif_ExposureTime>0.008</exif_ExposureTime><Last-Save-Date>2014-02-08T19:20:28</Last-Save-Date><Thumbnail_Length>12516 bytes</Thumbnail_Length><Color_Space>sRGB</Color_Space><File_Size>3844088 bytes</File_Size><meta_save-date>2014-02-08T19:20:28</meta_save-date><Date_Time_Digitized>2014:02:08 18:20:28</Date_Time_Digitized><File_Name>apache-tika-5397007804783338397.tmp</File_Name><Flash>Flash did not fire, auto</Flash><Content-Type>image/jpeg</Content-Type><X-Parsed-By>org.apache.tika.parser.DefaultParser</X-Parsed-By><Makernote>[6086 values]</Makernote><File_Modified_Date>Sun Nov 20 17:43:23 +01:00 2016</File_Modified_Date><tiff_XResolution>300.0</tiff_XResolution><Saturation>None</Saturation><exif_DateTimeOriginal>2014-02-08T19:20:28</exif_DateTimeOriginal><Date_Time>2014:02:08 18:20:28</Date_Time><Exif_Image_Width>0 pixels</Exif_Image_Width><Image_Height>2448 pixels</Image_Height><Sharpness>None</Sharpness><Image_Width>3264 pixels</Image_Width><Resolution_Unit>Inch</Resolution_Unit><tiff_Model>MD86826</tiff_Model><exif_IsoSpeedRatings>100</exif_IsoSpeedRatings><Exposure_Bias_Value>0 EV</Exposure_Bias_Value><Max_Aperture_Value>f/3.1</Max_Aperture_Value><Exposure_Mode>Auto exposure</Exposure_Mode><Model>MD86826</Model><Scene_Capture_Type>Standard</Scene_Capture_Type><tiff_ImageWidth>3264</tiff_ImageWidth><White_Balance_Mode>Auto white balance</White_Balance_Mode></mods>
