<?xml version="1.0" encoding="UTF-8"?>
<mods xmlns="http://www.loc.gov/mods/v3" xmlns:schemaLocation="http://www.loc.gov/standards/mods/v3/mods-3-6.xsd" xmlns:xsi="https://www.w3.org/2001/XMLSchema-instance" version="3.6"><name>La Poterie, Units 8 and 9, Plans, 2016.jpg</name><path>C:\Users\niels\Documents\Archie\Archie\Documentation\testset\La Poterie, Grenada\La Poterie, Units 8 and 9, Plans, 2016.jpg</path><Gamut>mft1 (0x6D667431): 37009 bytes</Gamut><Modify_Date>2016-04-07T09:26:21Z</Modify_Date><Compression_Type>Baseline</Compression_Type><AToB_2>mft2 (0x6D667432): 89958 bytes</AToB_2><AToB_0>mft2 (0x6D667432): 89958 bytes</AToB_0><Number_of_Components>4</Number_of_Components><AToB_1>mft2 (0x6D667432): 89958 bytes</AToB_1><xmpMM_History_Action>saved</xmpMM_History_Action><Component_2>Cb component: Quantization table 0, Sampling factors 1 horiz/1 vert</Component_2><Component_1>Y component: Quantization table 0, Sampling factors 1 horiz/1 vert</Component_1><Copyright>Copyright 2007 Adobe Systems, Inc.</Copyright><xmpMM_History_When>2016-03-01T11:40:28Z</xmpMM_History_When><Component_4>I component: Quantization table 0, Sampling factors 1 horiz/1 vert</Component_4><Char_Target>ICCHDAT FOGRA39</Char_Target><Component_3>Cr component: Quantization table 0, Sampling factors 1 horiz/1 vert</Component_3><Technology>offs</Technology><dc_title>La Poterie feature plan 2</dc_title><xmpMM_History_SoftwareAgent>Adobe Illustrator CS5</xmpMM_History_SoftwareAgent><tiff_BitsPerSample>8</tiff_BitsPerSample><Primary_Platform>Apple Computer, Inc.</Primary_Platform><xmpMM_History_InstanceID>xmp.iid:57A2F5039ADFE5119A16955EAC607BEA</xmpMM_History_InstanceID><Resolution_Info>300x300 DPI</Resolution_Info><Create_Date>2016-04-07T11:26:20+02:00</Create_Date><xmpMM_DerivedFrom_DocumentID>xmp.did:57A2F5039ADFE5119A16955EAC607BEA</xmpMM_DerivedFrom_DocumentID><Tag_Count>14</Tag_Count><Color_Transform>Unknown (RGB or CMYK)</Color_Transform><XMP_Value_Count>38</XMP_Value_Count><Color_space>CMYK</Color_space><Viewing_Conditions>view (0x76696577): 36 bytes</Viewing_Conditions><Class>Output Device</Class><Profile_Date_Time>2007:05:15 16:30:03</Profile_Date_Time><Profile_Connection_Space>Lab</Profile_Connection_Space><Creator_Tool>Adobe Illustrator CC 2015 (Windows)</Creator_Tool><Metadata_Date>2016-04-07T11:26:20+02:00</Metadata_Date><Viewing_Conditions_Description>D50</Viewing_Conditions_Description><Data_Precision>8 bits</Data_Precision><tiff_ImageLength>2827</tiff_ImageLength><CMM_Type>ADBE</CMM_Type><XYZ_values>0.964 1 0.825</XYZ_values><Profile_Description>Coated FOGRA39 (ISO 12647-2:2004)</Profile_Description><title>La Poterie feature plan 2</title><xmpMM_DocumentID>xmp.did:645f806b-498f-e144-af6a-e40a7d5a92cd</xmpMM_DocumentID><File_Size>2367845 bytes</File_Size><File_Name>apache-tika-2643358902655017153.tmp</File_Name><Media_White_Point>(0.8448, 0.8762, 0.7457)</Media_White_Point><Content-Type>image/jpeg</Content-Type><X-Parsed-By>org.apache.tika.parser.DefaultParser</X-Parsed-By><BToA_2>mft1 (0x6D667431): 145588 bytes</BToA_2><File_Modified_Date>Sun Nov 27 19:24:59 +01:00 2016</File_Modified_Date><BToA_0>mft1 (0x6D667431): 145588 bytes</BToA_0><BToA_1>mft1 (0x6D667431): 145588 bytes</BToA_1><DCT_Encode_Version>25600</DCT_Encode_Version><Image_Height>2827 pixels</Image_Height><Image_Width>2146 pixels</Image_Width><Profile_Size>654352</Profile_Size><Flags_0>128</Flags_0><Device_manufacturer>ADBE</Device_manufacturer><Signature>acsp</Signature><xmpMM_DerivedFrom_InstanceID>uuid:9f244b95-363f-406e-b6c6-e04d7c7e65aa</xmpMM_DerivedFrom_InstanceID><tiff_ImageWidth>2146</tiff_ImageWidth><Flags_1>0</Flags_1></mods>
