<?xml version="1.0" encoding="UTF-8"?>
<mods xmlns="http://www.loc.gov/mods/v3" xmlns:schemaLocation="http://www.loc.gov/standards/mods/v3/mods-3-6.xsd" xmlns:xsi="https://www.w3.org/2001/XMLSchema-instance" version="3.6"><name>Corinne_Diss_93.pdf</name><path>C:\Users\niels\Documents\Archie\Archie\Documentation\testset\Dissertation_Corinne_Hofman\Corinne_Diss_93.pdf</path><date>2012-01-27T09:40:22Z</date><pdf_PDFVersion>1.4</pdf_PDFVersion><xmp_CreatorTool>OCE 1045 P1176-07</xmp_CreatorTool><access_permission_modify_annotations>true</access_permission_modify_annotations><access_permission_can_print_degraded>true</access_permission_can_print_degraded><dcterms_created>2012-01-27T08:46:24Z</dcterms_created><Last-Modified>2012-01-27T09:40:22Z</Last-Modified><dcterms_modified>2012-01-27T09:40:22Z</dcterms_modified><dc_format>application/pdf; version=1.4</dc_format><xmpMM_DocumentID>uuid:d4f66788-7396-4eae-afa2-f3d274eb6ac4</xmpMM_DocumentID><Last-Save-Date>2012-01-27T09:40:22Z</Last-Save-Date><pdf_docinfo_creator_tool>OCE 1045 P1176-07</pdf_docinfo_creator_tool><access_permission_fill_in_form>true</access_permission_fill_in_form><pdf_docinfo_modified>2012-01-27T09:40:22Z</pdf_docinfo_modified><meta_save-date>2012-01-27T09:40:22Z</meta_save-date><pdf_encrypted>false</pdf_encrypted><modified>2012-01-27T09:40:22Z</modified><Content-Type>application/pdf</Content-Type><X-Parsed-By>org.apache.tika.parser.DefaultParser</X-Parsed-By><meta_creation-date>2012-01-27T08:46:24Z</meta_creation-date><created>Fri Jan 27 09:46:24 CET 2012</created><access_permission_extract_for_accessibility>true</access_permission_extract_for_accessibility><access_permission_assemble_document>true</access_permission_assemble_document><xmpTPg_NPages>285</xmpTPg_NPages><Creation-Date>2012-01-27T08:46:24Z</Creation-Date><access_permission_extract_content>true</access_permission_extract_content><access_permission_can_print>true</access_permission_can_print><producer>Generic 42BW-1</producer><access_permission_can_modify>true</access_permission_can_modify><pdf_docinfo_producer>Generic 42BW-1</pdf_docinfo_producer><pdf_docinfo_created>2012-01-27T08:46:24Z</pdf_docinfo_created></mods>
