<?xml version="1.0" encoding="UTF-8"?>
<mods xmlns="http://www.loc.gov/mods/v3" xmlns:schemaLocation="http://www.loc.gov/standards/mods/v3/mods-3-6.xsd" xmlns:xsi="https://www.w3.org/2001/XMLSchema-instance" version="3.6"><name>.dataNowCheck_S-1-5-21-2744877409-2516860740-3057573859-249108.tmp</name><path>C:\Users\niels\Documents\Archie\Archie\Documentation\testset\Network_analysis_testset\.datanow_meta\.dataNowCheck_S-1-5-21-2744877409-2516860740-3057573859-249108.tmp</path><X-Parsed-By>org.apache.tika.parser.EmptyParser</X-Parsed-By><Content-Type>application/octet-stream</Content-Type></mods>
