<?xml version="1.0" encoding="UTF-8"?>
<mods xmlns="http://www.loc.gov/mods/v3" xmlns:schemaLocation="http://www.loc.gov/standards/mods/v3/mods-3-6.xsd" xmlns:xsi="https://www.w3.org/2001/XMLSchema-instance" version="3.6"><name>Transects_ElFlaco.png</name><path>C:\Users\niels\Documents\Archie\Archie\Documentation\testset\GPR_ElFlaco\Transects_ElFlaco.png</path><Transparency_Alpha>nonpremultipled</Transparency_Alpha><tiff_ImageLength>2626</tiff_ImageLength><Compression_CompressionTypeName>deflate</Compression_CompressionTypeName><Data_BitsPerSample>8 8 8 8</Data_BitsPerSample><Data_PlanarConfiguration>PixelInterleaved</Data_PlanarConfiguration><Dimension_VerticalPixelSize>0.26455027</Dimension_VerticalPixelSize><IHDR>width=1380, height=2626, bitDepth=8, colorType=RGBAlpha, compressionMethod=deflate, filterMethod=adaptive, interlaceMethod=none</IHDR><Chroma_ColorSpaceType>RGB</Chroma_ColorSpaceType><tiff_BitsPerSample>8 8 8 8</tiff_BitsPerSample><Content-Type>image/png</Content-Type><height>2626</height><gAMA>45455</gAMA><X-Parsed-By>org.apache.tika.parser.DefaultParser</X-Parsed-By><pHYs>pixelsPerUnitXAxis=3780, pixelsPerUnitYAxis=3780, unitSpecifier=meter</pHYs><Chroma_Gamma>0.45455</Chroma_Gamma><Dimension_PixelAspectRatio>1.0</Dimension_PixelAspectRatio><sRGB>Perceptual</sRGB><Compression_NumProgressiveScans>1</Compression_NumProgressiveScans><Dimension_HorizontalPixelSize>0.26455027</Dimension_HorizontalPixelSize><Chroma_BlackIsZero>true</Chroma_BlackIsZero><Compression_Lossless>true</Compression_Lossless><width>1380</width><Dimension_ImageOrientation>Normal</Dimension_ImageOrientation><tiff_ImageWidth>1380</tiff_ImageWidth><Chroma_NumChannels>4</Chroma_NumChannels><Data_SampleFormat>UnsignedIntegral</Data_SampleFormat></mods>
