<?xml version="1.0" encoding="UTF-8"?>
<mods xmlns="http://www.loc.gov/mods/v3" xmlns:schemaLocation="http://www.loc.gov/standards/mods/v3/mods-3-6.xsd" xmlns:xsi="https://www.w3.org/2001/XMLSchema-instance" version="3.6"><name>ElFlaco_GPR_localgrid.shp</name><path>C:\Users\niels\Documents\Archie\Archie\Documentation\testset\GPR_ElFlaco\ElFlaco\ElFlaco_GPR_localgrid.shp</path><X-Parsed-By>org.apache.tika.parser.EmptyParser</X-Parsed-By><Content-Type>application/octet-stream</Content-Type></mods>
