<?xml version="1.0" encoding="UTF-8"?>
<mods xmlns="http://www.loc.gov/mods/v3" xmlns:schemaLocation="http://www.loc.gov/standards/mods/v3/mods-3-6.xsd" xmlns:xsi="https://www.w3.org/2001/XMLSchema-instance" version="3.6"><name>2016; El Flaco Lab Database.accdb</name><path>C:\Users\niels\Documents\Archie\Archie\Documentation\testset\ElFlaco_lab_database\2016; El Flaco Lab Database.accdb</path><MDB_PROP_NavPane_Sort_By>1</MDB_PROP_NavPane_Sort_By><MDB_PROP_NavPane_Category_Name>Custom</MDB_PROP_NavPane_Category_Name><MDB_PROP_NavPane_Closed>0</MDB_PROP_NavPane_Closed><MDB_PROP_Theme_Resource_Name>Office Theme</MDB_PROP_Theme_Resource_Name><MDB_PROP_AccessVersion>09.50</MDB_PROP_AccessVersion><dc_creator>Ruiter, S. de</dc_creator><extended-properties_Company>Universiteit Leiden</extended-properties_Company><MDB_PROP_StartUpShowDBWindow>true</MDB_PROP_StartUpShowDBWindow><MDB_PROP_Show_Values_in_Non-Indexed>1</MDB_PROP_Show_Values_in_Non-Indexed><MDB_PROP_Show_Values_in_Remote>0</MDB_PROP_Show_Values_in_Remote><title>Database5</title><MDB_USER_PROP_ReplicateProject>true</MDB_USER_PROP_ReplicateProject><MDB_PROP_StartUpShowStatusBar>true</MDB_PROP_StartUpShowStatusBar><MDB_PROP_ProjVer>119</MDB_PROP_ProjVer><MDB_PROP_AllowFullMenus>true</MDB_PROP_AllowFullMenus><MDB_PROP_Never_Cache>0</MDB_PROP_Never_Cache><MDB_PROP_AllowBuiltInToolbars>true</MDB_PROP_AllowBuiltInToolbars><dc_title>Database5</dc_title><MDB_PROP_ShowDocumentTabs>true</MDB_PROP_ShowDocumentTabs><MDB_PROP_DesignWithData>true</MDB_PROP_DesignWithData><MDB_PROP_NavPane_View_By>0</MDB_PROP_NavPane_View_By><MDB_PROP_Auto_Compact>0</MDB_PROP_Auto_Compact><Content-Type>application/x-msaccess</Content-Type><MDB_PROP_ANSI_Query_Mode>0</MDB_PROP_ANSI_Query_Mode><X-Parsed-By>org.apache.tika.parser.DefaultParser</X-Parsed-By><creator>Ruiter, S. de</creator><meta_author>Ruiter, S. de</meta_author><MDB_PROP_Themed_Form_Controls>1</MDB_PROP_Themed_Form_Controls><MDB_PROP_UseMDIMode>0</MDB_PROP_UseMDIMode><MDB_PROP_Picture_Property_Storage_Format>0</MDB_PROP_Picture_Property_Storage_Format><MDB_PROP_Build>606</MDB_PROP_Build><MDB_PROP_CheckTruncatedNumFields>1</MDB_PROP_CheckTruncatedNumFields><MDB_PROP_Use_Microsoft_Access_2007_compatible_cache>0</MDB_PROP_Use_Microsoft_Access_2007_compatible_cache><MDB_PROP_WebDesignMode>0</MDB_PROP_WebDesignMode><MDB_PROP_AllowShortcutMenus>true</MDB_PROP_AllowShortcutMenus><MDB_PROP_UseAppIconForFrmRpt>false</MDB_PROP_UseAppIconForFrmRpt><MDB_PROP_Show_Values_Limit>1000</MDB_PROP_Show_Values_Limit><MDB_PROP_AllowToolbarChanges>true</MDB_PROP_AllowToolbarChanges><MDB_PROP_Clear_Cache_on_Close>0</MDB_PROP_Clear_Cache_on_Close><MDB_PROP_NavPane_Category>4</MDB_PROP_NavPane_Category><MDB_PROP_HasOfflineLists>70</MDB_PROP_HasOfflineLists><MDB_PROP_NavPane_Width>192</MDB_PROP_NavPane_Width><MDB_PROP_Show_Values_in_Indexed>1</MDB_PROP_Show_Values_in_Indexed><Author>Ruiter, S. de</Author><MDB_PROP_AllowDatasheetSchema>true</MDB_PROP_AllowDatasheetSchema><MDB_PROP_Show_Navigation_Pane_Search_Bar>1</MDB_PROP_Show_Navigation_Pane_Search_Bar><MDB_PROP_AllowSpecialKeys>true</MDB_PROP_AllowSpecialKeys></mods>
